{
  "train_runtime": 3483.8879,
  "train_samples_per_second": 11.367,
  "train_steps_per_second": 0.355,
  "total_flos": 3.0026208099628646e+17,
  "train_loss": 0.06018926759336222,
  "epoch": 1.0
}